{
  "utils/Config-dbg.js": 1769869348443,
  "utils/Config.js": 1769869348443,
  "ext/fragment/DisplayGmap.js": 1769871275109,
  "manifest.json": 1769842479080,
  "Component.js": 1769180173423,
  "Component-dbg.js": 1769180173423,
  "Component.js.map": 1769907832323,
  "ext/fragment/DisplayGmap-dbg.js": 1769871275109,
  "ext/fragment/DisplayGmap.js.map": 1769907832334,
  "i18n/i18n.properties": 1769180173428,
  "utils/Config.js.map": 1769907832323,
  "Component-preload.js": 1769907832700,
  "Component-preload.js.map": 1769907832700,
  "ext/fragment/DisplayGmap.fragment.xml": 1769657709225,
  "index.html": 1769180173424
}