{
  "ext/fragment/DisplayGmap.js.map": 1769844729133,
  "manifest.json": 1769842479080,
  "ext/fragment/DisplayGmap.js": 1769657922368,
  "Component.js": 1769180173423,
  "ext/fragment/DisplayGmap-dbg.js": 1769657922368,
  "i18n/i18n.properties": 1769180173428,
  "Component-dbg.js": 1769180173423,
  "Component.js.map": 1769844729117,
  "Component-preload.js": 1769844729212,
  "Component-preload.js.map": 1769844729212,
  "ext/fragment/DisplayGmap.fragment.xml": 1769657709225,
  "index.html": 1769180173424
}